{"mae": 2.4322047244094485, "mse": 14.255266929133859}