{"mae": 2.2129055118110244, "mse": 11.401998952755907}